-- MariaDB dump 10.19  Distrib 10.4.24-MariaDB, for Win64 (AMD64)
--
-- Host: localhost    Database: ajedrez
-- ------------------------------------------------------
-- Server version	10.4.24-MariaDB
/*!40103 SET @OLD_TIME_ZONE=@@TIME_ZONE */;
/*!40103 SET TIME_ZONE='+00:00' */;
/*!40014 SET @OLD_UNIQUE_CHECKS=@@UNIQUE_CHECKS, UNIQUE_CHECKS=0 */;
/*!40014 SET @OLD_FOREIGN_KEY_CHECKS=@@FOREIGN_KEY_CHECKS, FOREIGN_KEY_CHECKS=0 */;
/*!40101 SET @OLD_SQL_MODE=@@SQL_MODE, SQL_MODE='NO_AUTO_VALUE_ON_ZERO,POSTGRESQL' */;
/*!40111 SET @OLD_SQL_NOTES=@@SQL_NOTES, SQL_NOTES=0 */;

--
-- Table structure for table "apertura"
--

DROP TABLE IF EXISTS "apertura";
/*!40101 SET @saved_cs_client     = @@character_set_client */;
/*!40101 SET character_set_client = utf8 */;
CREATE TABLE "apertura" (
  "Id" varchar(3) NOT NULL,
  "Nombre" varchar(150) NOT NULL,
  PRIMARY KEY ("Id")
);
/*!40101 SET character_set_client = @saved_cs_client */;

--
-- Dumping data for table "apertura"
--

/*!40000 ALTER TABLE "apertura" DISABLE KEYS */;
INSERT INTO "apertura" VALUES ('A00','Apertura irregular'),('A01','Apertura Larsen'),('A02','Apertura Bird'),('A03','Apertura Bird, 1...d5'),('A04','Apertura Reti, 1. Cf3'),('A05','Apertura Reti, 2...Cf6'),('A06','Apertura Reti, 2...d5'),('A07','Apertura Reti, Ataque indio de rey (sistema Barcza)'),('A08','Apertura Reti, Ataque indio de rey'),('A09','Apertura Reti, 2...d5 3.c4'),('A10','Apertura inglesa'),('A11','Inglesa, sistema defensivo Caro-Kann'),('A12','Inglesa, sistema defensivo Caro-Kann'),('A13','Apertura inglesa'),('A14','Inglesa, declinada hacia Neo-Catalana'),('A15','Inglesa, 1...Cf6 (Defensa Anglo-India)'),('A16','Apertura inglesa'),('A17','Apertura inglesa, Defensa Erizo'),('A18','Inglesa, variante Mikenas-Carls'),('A19','Inglesa, Mikenas-Carls, variante Siciliana'),('A20','Apertura inglesa'),('A21','Apertura inglesa'),('A22','Apertura inglesa'),('A23','Apertura inglesa, sistema Bremen, variante Keres'),('A24','Apertura inglesa, sistema Bremen con 3...g6'),('A25','Apertura inglesa, Siciliana invertida'),('A26','Apertura inglesa, sistema cerrado'),('A27','Apertura inglesa, sistema de los tres caballos'),('A28','Apertura inglesa, sistema de los cuatro caballos'),('A29','Apertura inglesa, cuatro caballos, fianchetto en flanco de rey'),('A30','Apertura inglesa, variante simétrica'),('A31','Apertura inglesa, simétrica, formación Benoni'),('A32','Apertura inglesa, simétrica'),('A33','Apertura inglesa, simétrica'),('A34','Apertura inglesa, simétrica'),('A35','Apertura inglesa, simétrica'),('A36','Apertura inglesa, simétrica'),('A37','Apertura inglesa, simétrica'),('A38','Apertura inglesa, simétrica'),('A39','Apertura inglesa, simétrica, línea principal con d4'),('A40','Apertura de peón de dama (incluyendo Defensa inglesa, Gambito Englund, Defensa del caballo de dama, Defensa polaca y Defensa Keres)'),('A41','Apertura de peón de dama, Defensa Wade'),('A42','Defensa moderna, sistema Averbakh también Defensa Wade'),('A43','Old Benoni defence'),('A44','Old Benoni defence'),('A45','Apertura de peón de dama'),('A46','Apertura de peón de dama'),('A47','Defensa india de dama'),('A48','India de rey, Defensa india de este'),('A49','India de rey, fianchetto sin c4'),('A50','Apertura de peón de dama, Tango de los caballos negros'),('A51','Gambito Budapest no aceptado'),('A52','Gambito Budapest'),('A53','Defensa india antigua'),('A54','India antigua, variante ucrainiana'),('A55','India antigua, línea principal'),('A56','Defensa Benoni'),('A57','Gambito Benko'),('A58','Gambito Benko aceptado'),('A59','Gambito Benko, 7.e4'),('A60','Defensa Benoni'),('A61','Defensa Benoni'),('A62','Benoni, variante del Fianchetto'),('A63','Benoni, variante del Fianchetto, 9...Cbd7'),('A64','Benoni, variante del Fianchetto, 11...Te8'),('A65','Benoni, 6.e4'),('A66','Benoni, variante tormenta de peones'),('A67','Benoni, variante Taimanov'),('A68','Benoni, ataque de los cuatro peones'),('A69','Benoni, ataque de los cuatro peones, línea principal'),('A70','Benoni, clásica con e4 y Cf3'),('A71','Benoni, clásica, 8.Bg5'),('A72','Benoni, clásica sint 9.O-O'),('A73','Benoni, clásica, 9.O-O'),('A74','Benoni, clásica, 9...a6, 10.a4'),('A75','Benoni, clásica con...a6 y 10...Ag4'),('A76','Benoni, clásica, 9...Te8'),('A77','Benoni, clásica, 9...Te8, 10.Cd2'),('A78','Benoni, clásica con ...Te8 y ...Ca6'),('A79','Benoni, clásica, 11.f3'),('A80','Defensa holandesa'),('A81','Defensa holandesa'),('A82','Holandesa, gambito Staunton, incluye también Defensa Balogh'),('A83','Holandesa, gambito Staunton, variante Staunton'),('A84','Defensa holandesa'),('A85','Holandesa con 2.c4 y 3.Cc3'),('A86','Holandesa con 2.c4 y 3.g3'),('A87','Holandesa, Leningrad, variante principal'),('A88','Holandesa, Leningrad, varante principal con 7...c6'),('A89','Holandesa, Leningrad, variante principal con Cc6'),('A90','Defensa holandesa'),('A91','Defensa holandesa'),('A92','Defensa holandesa'),('A93','Holandesa, Stonewall, variante Botvinnik'),('A94','Holandesa, Stonewall con Aa3'),('A95','Holandesa, Stonewall con Cc3'),('A96','Holandesa, variante clásica'),('A97','Holandesa, variante Ilyin-Genevsky'),('A98','Holandesa, variante Ilyin-Genevsky con Dc2'),('A99','Holandesa, variante Ilyin-Genevsky con b3'),('B00','Apertura de peón de rey sin 1... e5, 1... d5, 1... Cf6, 1... g6, 1... d6, 1... c6, 1... c5. (incluye Defensa Nimzowitsch, Defensa St. George, Defensa '),('B01','Defensa escandinava (Contradefensa central)'),('B02','Defensa Alekhine'),('B03','Defensa Alekhine 3.d4'),('B04','Defensa Alekhine, variante moderna'),('B05','Defensa Alekhine, variante moderna, 4...Ag4'),('B06','Defensa Robatsch (Moderna), incluye Monkey Bum'),('B07','Defensa Pirc'),('B08','Pirc, sistema clásico (dos caballos)'),('B09','Pirc, ataque austríaco'),('B10','Defensa Caro-Kann'),('B11','Caro-Kann, dos caballos, 3...Ag4'),('B12','Defensa Caro-Kann'),('B13','Caro-Kann, variante del cambio'),('B14','Caro-Kann, atque Panov-Botvinnik, 5...e6'),('B15','Defensa Caro-Kann'),('B16','Caro-Kann, variante Bronstein-Larsen'),('B17','Caro-Kann, variante Steinitz'),('B18','Caro-Kann, variante clásica'),('B19','Caro-Kann, clásica, 7...Cd7'),('B20','Defensa siciliana'),('B21','Siciliana, ataque Grand Prix y Gambito Smith-Morra, incluyendo la Trampa Siberiana'),('B22','Defensa siciliana, variante Alapin (2.c3)'),('B23','Siciliana, cerrada'),('B24','Siciliana, cerrada'),('B25','Siciliana, cerrada'),('B26','Siciliana, cerrada, 6.Ae3'),('B27','Defensa Siciliana'),('B28','Siciliana, variante OKelly'),('B29','Siciliana, variante Nimzovich-Rubinstein'),('B30','Defensa Siciliana'),('B31','Siciliana, ataque Nimzovich-Rossolimo (con ...g6, sin ...d6)'),('B32','Defensa siciliana'),('B33','Siciliana, variante Sveshnikov (Lasker-Pelikan)'),('B34','Defensa siciliana, fianchetto acelerado, variante del cambio'),('B35','Defensa siciliana, fianchetto acelerado, variante moderna con Ac4'),('B36','Defensa siciliana, fianchetto acelerado, variante Maróczy'),('B37','Defensa siciliana, fianchetto acelerado, variante Maroczy, 5...Ag7'),('B38','Defensa siciliana, fianchetto acelerado, variante Maroczy, 6.Ae3'),('B39','Defensa siciliana, fianchetto acelerado, variante Breyer'),('B40','Defensa Siciliana'),('B41','Siciliana, variante Kan'),('B42','Siciliana, Kan, 5.Ad3'),('B43','Siciliana, Kan, 5.Cc3'),('B44','Defensa Siciliana'),('B45','Siciliana, variante Taimanov'),('B46','Siciliana, variante Taimanov'),('B47','Siciliana, variante Taimanov (Bastrikov)'),('B48','Siciliana, variante Taimanov'),('B49','Siciliana, variante Taimanov'),('B50','Siciliana'),('B51','Siciliana, ataque Canal-Sokolsky'),('B52','Siciliana, ataque Canal-Sokolsky, 3...Ad7'),('B53','Siciliana, variante Chekhover'),('B54','Siciliana'),('B55','Siciliana, Prins variation, Venice attack'),('B56','Siciliana'),('B57','Siciliana, Sozin (no Scheveningen) incluyendo Trampa Magnus Smith'),('B58','Siciliana, clásica'),('B59','Siciliana, variante Boleslavsky, 7.Cb3'),('B60','Siciliana, Richter-Rauzer'),('B61','Siciliana, Richter-Rauzer, variante Larsen, 7.Dd2'),('B62','Siciliana, Richter-Rauzer, 6...e6'),('B63','Siciliana, Richter-Rauzer, ataque Rauzer'),('B64','Siciliana, Richter-Rauzer, ataque Rauzer, defensa 7...Ae7, 9.f4'),('B65','Siciliana, Richter-Rauzer, ataque Rauzer, defensa 7...Ae7 , 9...Cxd4'),('B66','Siciliana, Richter-Rauzer, ataque Rauzer, 7...a6'),('B67','Siciliana, Richter-Rauzer, ataque Rauzer, defensa 7...a6, 8...Ad7'),('B68','Siciliana, Richter-Rauzer, ataque Rauzer, defensa 7...a6, 9...Ae7'),('B69','Siciliana, Richter-Rauzer, ataque Rauzer, defensa 7...a6, 11.Axf6'),('B70','Siciliana, variante Dragón'),('B71','Siciliana, Dragón, variante Levenfish'),('B72','Siciliana, Dragón, 6.Ae3'),('B73','Siciliana, Dragón, clásica, 8.O-O'),('B74','Siciliana, Dragón, clásica, 9.Cb3'),('B75','Siciliana, Dragón, ataque Yugoslavo'),('B76','Siciliana, Dragón, ataque Yugoslavo, 7...O-O'),('B77','Siciliana, Dragón, ataque Yugoslavo, 9.Ac4'),('B78','Siciliana, Dragón, ataque Yugoslavo, 10.O-O-O]]'),('B79','Siciliana, Dragón, ataque Yugoslavo, 12.h4]]'),('B80','Siciliana, variante Scheveningen'),('B81','Siciliana, Scheveningen, ataque Keres'),('B82','Siciliana, Scheveningen, 6.f4'),('B83','Siciliana, Scheveningen, 6.Ae2'),('B84','Siciliana, Scheveningen (Paulsen), variante clásica'),('B85','Siciliana, Scheveningen, variante clásica con ...Dc7 y ...Cc6'),('B86','Siciliana, ataque Sozin'),('B87','Sozin con ...a6 y ...b5'),('B88','Siciliana, Sozin, variante Leonhardt'),('B89','Siciliana, Sozin, 7.Ae3'),('B90','Siciliana, Najdorf'),('B91','Siciliana, Najdorf, variante Zagreb (Fianchetto)'),('B92','Siciliana, Najdorf, variante Zagreb (Fianchetto)'),('B93','Siciliana, Najdorf, 6.f4'),('B94','Siciliana, Najdorf, 6.Ag5'),('B95','Siciliana, Najdorf, 6...e6'),('B96','Siciliana, Najdorf, 7.f4'),('B97','Siciliana, Najdorf, 7...Db6 incluyendo variante del peón envenenado'),('B98','Siciliana, Najdorf, 7...Ae7'),('B99','Siciliana, Najdorf, 7...Ae7 línea principal'),('C00','Defensa francesa'),('C01','Francesa, variante del cambio, Defensa Kingston'),('C02','Francesa, variante del avance'),('C03','Francesa, Tarrasch'),('C04','Francesa, Tarrasch, variante Guimard'),('C05','Francesa, Tarrasch, variante cerrada'),('C06','Francesa, Tarrasch, variante cerrada, línea principal'),('C07','Francesa, Tarrasch, variante abierta'),('C08','Francesa, Tarrasch, abierta, 4.exd5 exd5'),('C09','Francesa, Tarrasch, variante abierta, línea principal'),('C10','Francesa, variante Paulsen'),('C11','Defensa Francesa'),('C12','Francesa, variante MacCutcheon'),('C13','Francesa, variante clásica'),('C14','Francesa, variante clásica'),('C15','Francesa, variante Winawer (Nimzovich)'),('C16','Francesa, Winawer, variante del avance'),('C17','Francesa, Winawer, variante del avance'),('C18','Francesa, Winawer, variante del avance'),('C19','Francesa, Winawer, avance, 6...Ce7'),('C20','Apertura de peón de rey (incluye Apertura Alapín, Apertura López, Apertura Napoleón, Apertura portuguesa y Ataque Parham)'),('C21','Apertura del centro (incluyendo Gambito danés)'),('C22','Apertura del centro'),('C23','Apertura de alfil'),('C24','Apertura de alfil, defensa Berlin'),('C25','Apertura vienesa'),('C26','Apertura vienesa, Variante Falkbeer'),('C27','Apertura vienesa, Variante Frankenstein-Dracula'),('C28','Apertura vienesa'),('C29','Gambito vienés, Variante Kaufmann incluyendo Trampa Würzburger'),('C30','Gambito de rey'),('C31','Gambito de rey no aceptado, contragambito Falkbeer'),('C32','Gambito de rey no aceptado, Falkbeer, 5. dxe4'),('C33','Gambito de rey aceptado'),('C34','Gambito de rey aceptado, incluyendo la Defensa Fischer'),('C35','Gambito de rey aceptado, defensa Cunningham'),('C36','Gambito de rey aceptado, defensa Abbazia (defensa clásica, defensa moderna)'),('C37','Gambito de rey aceptado, gambito Quaade'),('C38','Gambito de rey aceptado'),('C39','Gambito de rey aceptado, gambito Allagier y gambito Kiesertisky incluyendo el Gambito Rice'),('C40','Apertura de caballo (incluyendo defensa Gunderam, defensa Greco, defensa Damiano , gambito elefante, y gambito letón.)'),('C41','Defensa Philidor'),('C42','Defensa Petrov, incluyendo Celada Marshall'),('C43','Defensa Petrov, Ataque Moderno(Steinitz)'),('C44','Apertura de peón de rey (incluyendo Apertura Ponziani, Apertura húngara invertida, Gambito irlandés, Apertura Konstantinopolsky y parte de Apertura es'),('C45','Apertura escocesa'),('C46','Apertura de los tres caballos incluyendo Gambito Müller-Schulze'),('C47','Apertura de los cuatro caballos, variante escocesa'),('C48','Apertura de los cuatro caballos, variante española'),('C49','Apertura de los cuatro caballos, Doble Ruy López'),('C50','Apertura de peón de rey (incluyendo Gambito Blackburne Shilling, Defensa Húngara, Gambito Italiano, Celada Légal, Gambito Rousseau y Giuoco Pianissimo'),('C51','Gambito Evans'),('C52','Gambito Evans con 4...Axb4 5.c3 Aa5'),('C53','Giuoco Piano'),('C54','Giuoco Piano'),('C55','Defensa de los dos caballos'),('C56','Defensa de los dos caballos'),('C57','Defensa de los dos caballos, incluyendo Ataque Fried Liver'),('C58','Defensa de los dos caballos'),('C59','Defensa de los dos caballos'),('C60','Apertura española (Ruy López)'),('C61','Española, Defensa Bird'),('C62','Española, Defensa Old Steinitz'),('C63','Española, Defensa Schliemann'),('C64','Española, Defensa clásica (Cordel)'),('C65','Española, Defensa Berlín incluyendo Celada Mortimer'),('C66','Española, Defensa Berlín, 4.O-O, d6'),('C67','Española, Defensa Berlín, variante abierta'),('C68','Española, variante del cambio'),('C69','Española, variante del cambio, 5.O-O'),('C70','Española'),('C71','Española, Defensa Steinitz moderna incluyendo Celada del Arca de Noé'),('C72','Española, Defensa Steinitz moderna 5.0-0'),('C73','Española, Defensa Steinitz moderna, variante Richter'),('C74','Española, Defensa Steinitz moderna'),('C75','Española, Defensa Steinitz moderna'),('C76','Española, Defensa Steinitz moderna, variante fianchetto (Bronstein)'),('C77','Española, Defensa Morphy'),('C78','Española, 5.O-O'),('C79','Española, Defensa Steinitz diferida (Defensa Rusa)'),('C80','Española, Defensa abierta (Tarrasch)'),('C81','Española, abierta, Ataque Howell'),('C82','Española, abierta, 9.c3'),('C83','Española, abierta, Defensa clásica'),('C84','Española, Defensa cerrada'),('C85','Española, variante del cambio doblemente diferido'),('C86','Española, Ataque Worrall'),('C87','Española, cerrada, variante Averbach'),('C88','Española, cerrada'),('C89','Española, Contraataque Marshall'),('C90','Española, cerrada (con...d6)'),('C91','Española, cerrada, 9.d4'),('C92','Española, cerrada, 9.h3'),('C93','Española, cerrada, Defensa Smyslov'),('C94','Española, cerrada, Defensa Breyer'),('C95','Española, cerrada, Breyer, 10.d4'),('C96','Española, cerrada, 8...Ca5'),('C97','Española, cerrada, Defensa Chigorin'),('C98','Española, cerrada, Chigorin, 12...Cc6'),('C99','Española, cerrada, Chigorin, 12...c5d4'),('D00','Apertura de peón de dama (incluyendo Gambito Blackmar-Diemer, Celada Halosar y otras)'),('D01','Apertura Veresov'),('D02','Apertura Grünfeld invertida (Apertura de peón de dama, 2. Cf3)'),('D03','Ataque Torre, variante Tartakower'),('D04','Apertura de peón de dama'),('D05','Apertura de peón de dama, variante Zukertort (incluyendo Sistema Colle)'),('D06','Gambito de dama declinado (incluyendo la Defensa Báltica, Defensa Marshall y Defensa Simétrica)'),('D07','Gambito de dama declinado, variante Chigorin'),('D08','Gambito de dama declinado, Contragambito Albin y Celada Lasker'),('D09','Gambito de dama declinado, Contragambito Albin, 5.g3'),('D10','Gambito de dama declinado, Defensa Eslava'),('D11','Gambito de dama declinado, Eslava, 3.Cf3'),('D12','Gambito de dama declinado, Eslava, 4.e3 Af5'),('D13','Gambito de dama declinado, Eslava, variante del cambio'),('D14','Gambito de dama declinado, Eslava, variante del cambio, 6.Af4 Af5'),('D15','Gambito de dama declinado, Eslava, 4.Cc3'),('D16','Gambito de dama declinado, Eslava Aceptada, variante Alapin'),('D17','Gambito de dama declinado, Eslava, Defensa Checa'),('D18','Gambito de dama declinado, Eslava, variante Holandesa'),('D19','Gambito de dama declinado, Eslava, variante Holandesa'),('D20','Gambito de dama aceptado'),('D21','Gambito de dama aceptado, 3.Cf3'),('D22','Gambito de dama aceptado, Defensa Alekhine'),('D23','Gambito de dama aceptado'),('D24','Gambito de dama aceptado, 4.Cc3'),('D25','Gambito de dama aceptado, 4.e3'),('D26','Gambito de dama aceptado, variante clásica'),('D27','Gambito de dama aceptado, variante clásica'),('D28','Gambito de dama aceptado, variante clásica, 7.De2'),('D29','Gambito de dama aceptado, variante clásica, 8...Ab7'),('D30','Gambito de dama declinado'),('D31','Gambito de dama declinado, 3.Cc3'),('D32','Gambito de dama declinado, Defensa Tarrasch'),('D33','Gambito de dama declinado, Tarrasch, Sistema Schlechter-Rubinstein'),('D34','Gambito de dama declinado, Tarrasch, 7...Ae7'),('D35','Gambito de dama declinado, variante del cambio'),('D36','Gambito de dama declinado, cambio, línea posicional, 6.Dc2'),('D37','Gambito de dama declinado, 4.Cf3'),('D38','Gambito de dama declinado, variante Ragozin'),('D39','Gambito de dama declinado, Ragozin, variante Vienna'),('D40','Gambito de dama declinado, Defensa Semi-Tarrasch'),('D41','Gambito de dama declinado, Semi-Tarrasch, 5.cd'),('D42','Gambito de dama declinado, Semi-Tarrasch, 7.Ad3'),('D43','Gambito de dama declinado, Defensa Semi-Eslava'),('D44','Gambito de dama declinado, Semi-Eslava 5.Ag5 dxc4'),('D45','Gambito de dama declinado, Semi-Eslava 5.e3'),('D46','Gambito de dama declinado, Semi-Eslava 6.Ad3'),('D47','Gambito de dama declinado, Semi-Eslava 7.Ac4'),('D48','Gambito de dama declinado, Meran, 8...a6'),('D49','Gambito de dama declinado, Meran, 11.Cxb5'),('D50','Gambito de dama declinado, 4.Ag5'),('D51','Gambito de dama declinado, 4.Ag5 Cbd7 (Defensa Cambridge Springs y Celada Elefante)'),('D52','Gambito de dama declinado'),('D53','Gambito de dama declinado, 4.Ag5 Ae7'),('D54','Gambito de dama declinado, variante Anti-Neo-Ortodoxa'),('D55','Gambito de dama declinado, 6.Cf3'),('D56','Gambito de dama declinado, Defensa Lasker'),('D57','Gambito de dama declinado, Defensa Lasker, línea principal'),('D58','Gambito de dama declinado, Sistema Tartakower (Makagonov-Bondarevsky)'),('D59','Gambito de dama declinado, Sistema Tartakower (Makagonov-Bondarevsky), 8.cd Cxd5'),('D60','Gambito de dama declinado, Defensa Ortodoxa'),('D61','Gambito de dama declinado, Defensa Ortodoxa, variante Rubinstein'),('D62','Gambito de dama declinado, Defensa Ortodoxa, 7.Dc2 c5, 8.cd (Rubinstein)'),('D63','Gambito de dama declinado, Defensa Ortodoxa, 7.Tc1'),('D64','Gambito de dama declinado, Defensa Ortodoxa, Ataque Rubinstein (con Tc1)'),('D65','Gambito de dama declinado, Defensa Ortodoxa, Ataque Rubinstein, línea principal'),('D66','Gambito de dama declinado, Defensa Ortodoxa, línea Ad3 incluyendo Celada Rubinstein'),('D67','Gambito de dama declinado, Defensa Ortodoxa, línea Ad3, Maniobra Liberadora de Capablanca'),('D68','Gambito de dama declinado, Defensa Ortodoxa, variante clásica'),('D69','Gambito de dama declinado, Defensa Ortodoxa, clásica, 13.dxe5'),('D70','Defensa Neo-Grünfeld'),('D71','Neo-Grünfeld, 5.cd'),('D72','Neo-Grünfeld, 5.cd, línea principal'),('D73','Neo-Grünfeld, 5.Cf3'),('D74','Neo-Grünfeld, 6.cd Cxd5, 7.O-O'),('D75','Neo-Grünfeld, 6.cd Cxd5, 7.O-O c5, 8.Cc3'),('D76','Neo-Grünfeld, 6.cd Cxd5, 7.O-O Cb6'),('D77','Neo-Grünfeld, 6.O-O'),('D78','Neo-Grünfeld, 6.O-O c6'),('D79','Neo-Grünfeld, 6.O-O, línea principal'),('D80','Defensa Grünfeld'),('D81','Grünfeld, variante Rusa'),('D82','Grünfeld, 4.Af4'),('D83','Gambito Grünfeld'),('D84','Gambito Grünfeld aceptado'),('D85','Grünfeld, variante del cambio'),('D86','Grünfeld, cambio, variante clásica'),('D87','Grünfeld, cambio, variante Spassky'),('D88','Grünfeld, variante Spassky, línea principal, 10...cd, 11.cd'),('D89','Grünfeld, variante Spassky, línea principal, 13.Ad3'),('D90','Grünfeld, variante tres caballos'),('D91','Grünfeld, variante tres caballos'),('D92','Grünfeld, 5.Af4'),('D93','Grünfeld con 5.Af4 O-O 6.e3'),('D94','Grünfeld, 5.e3'),('D95','Grünfeld con 5.e3 O-O 6.Db3'),('D96','Grünfeld, variante Rusa'),('D97','Grünfeld, variante Rusa con 7.e4'),('D98','Grünfeld, Rusa, variante Smyslov'),('D99','Defensa Grünfeld, Smyslov, línea principal'),('E00','Apertura de peón de dama (incluyendo Ataque NeoIndio, Ataque Trompowski, Apertura Catalana entre otros)'),('E01','Catalana, cerrada'),('E02','Catalana, abierta, 5.Da4'),('E03','Catalana, abierta, variante Alekhine'),('E04','Catalana, abierta, 5.Cf3'),('E05','Catalana, abierta, línea clásica'),('E06','Catalana, cerrada, 5.Cf3'),('E07','Catalana, cerrada, 6...Cbd7'),('E08','Catalana, cerrada, 7.Dc2'),('E09','Catalana, cerrada, línea principal'),('E10','Queens Pawn Game 3.Cf3'),('E11','Defensa Bogo-India'),('E12','Defensa India de Dama'),('E13','India de Dama, 4.Cc3, Main line'),('E14','Queens Indian, 4.e3'),('E15','India de Dama, 4.g3'),('E16','India de Dama, Capablanca variation'),('E17','India de Dama, 5.Ag2 Ae7'),('E18','India de Dama, Old Main line, 7.Cc3'),('E19','India de Dama, Old Main line, 9.Dxc3'),('E20','Defensa Nimzo-India'),('E21','Nimzo-India, variante de los trec caballos'),('E22','Nimzo-India, variante Spielman'),('E23','Nimzo-India, Spielmann, 4...c5, 5.dc Cc6'),('E24','Nimzo-India, variante Saemisch'),('E25','Nimzo-India, variante Saemisch, variante Keres'),('E26','Nimzo-India, variante Saemisch, 4.a3 Axc3+ 5.bxc3 c5 6.e3'),('E27','Nimzo-India, variante Saemisch, 5...0-0'),('E28','Nimzo-India, variante Saemisch, 6.e3'),('E29','Nimzo-India, variante Saemisch, línea principal'),('E30','Nimzo-India, variante Leningrad,'),('E31','Nimzo-India, variante Leningrad, línea principal'),('E32','Nimzo-India, variante Clásica'),('E33','Nimzo-India, variante Clásica, 4...Cc6'),('E34','Nimzo-India, Clásica, variante Noa'),('E35','Nimzo-India, Clásica, variante Noa, 5.cxd5 exd5'),('E36','Nimzo-India, Clásica, variante Noa, 5.a3'),('E37','Nimzo-India, Clásica, variante Noa, línea principal, 7.Dc2'),('E38','Nimzo-India, Clásica, 4...c5'),('E39','Nimzo-India, Clásica, variante Pirc'),('E40','Nimzo-India, 4.e3'),('E41','Nimzo-India, 4.e3 c5'),('E42','Nimzo-India, 4.e3 c5, 5.Ce2 (Rubinstein)'),('E43','Nimzo-India, variante Fischer'),('E44','Nimzo-India, variante Fischer, 5.Ce2'),('E45','Nimzo-India, 4.e3, Bronstein (Byrne) variation'),('E46','Nimzo-India, 4.e3 O-O'),('E47','Nimzo-India, 4.e3 O-O, 5.Ad3'),('E48','Nimzo-India, 4.e3 O-O, 5.Ad3 d5'),('E49','Nimzo-India, 4.e3, sistema Botvinnik'),('E50','Nimzo-India, 4.e3 e8g8, 5.Cf3, sin ...d5'),('E51','Nimzo-India, 4.e3 e8g8, 5.Cf3 d7d5'),('E52','Nimzo-India, 4.e3, Línea principal con ...b6'),('E53','Nimzo-India, 4.e3, Línea principal con ...c5'),('E54','Nimzo-India, 4.e3, sistema Gligoric con 7...dc'),('E55','Nimzo-India, 4.e3, sistema Gligoric, variante Bronstein'),('E56','Nimzo-India, 4.e3, Línea principal con 7...Cc6'),('E57','Nimzo-India, 4.e3, Línea principal con 8...dxc4 and 9...Axc4 cxd4'),('E58','Nimzo-India, 4.e3, Línea principal con 8...Axc3'),('E59','Nimzo-India, 4.e3, Línea principal'),('E60','Defensa India de Rey'),('E61','Defensa India de Rey, 3.Cc3'),('E62','India de Rey, variante del Fianchetto'),('E63','India de Rey, Fianchetto, variante Panno'),('E64','India de Rey, Fianchetto, sistema Yugoslav'),('E65','India de Rey, Yugoslav, 7.O-O'),('E66','India de Rey, Fianchetto, Yugoslav Panno'),('E67','India de Rey, Fianchetto con ...Cd7'),('E68','India de Rey, Fianchetto, variante Clásica, 8.e4'),('E69','India de Rey, Fianchetto, variante Clásica línea principal'),('E70','India de Rey, 4.e4'),('E71','India de Rey, sistema Makagonov (5.h3)'),('E72','India de Rey con e4 & g3'),('E73','India de Rey, 5.Ae2'),('E74','India de Rey, Averbakh, 6...c5'),('E75','India de Rey, Averbakh, línea principal'),('E76','Defensa India de Rey, Ataque de los cuatro peones'),('E77','Defensa India de Rey, Ataque de los cuatro peones, 6.Ae2'),('E78','Defensa India de Rey, Ataque de los cuatro peones, con Be2 y Cf3'),('E79','Defensa India de Rey, Ataque de los cuatro peones, línea principal'),('E80','India de Rey, variante Sämisch'),('E81','India de Rey, Sämisch, 5...O-O'),('E82','India de Rey, Sämisch, variante del doble Fianchetto'),('E83','India de Rey, Sämisch, 6...Cc6'),('E84','India de Rey, Sämisch, línea principal de Panno'),('E85','India de Rey, Sämisch, variante Ortodoxa'),('E86','India de Rey, Sämisch, Ortodoxa, 7.Cge2 c6'),('E87','India de Rey, Sämisch, Ortodoxa, 7.d5'),('E88','India de Rey, Sämisch, Ortodoxa, 7.d5 c6'),('E89','India de Rey, Sämisch, línea principal de Ortodoxa'),('E90','India de Rey, 5.Cf3'),('E91','India de Rey, 6.Ae2'),('E92','India de Rey, variante Clásica'),('E93','India de Rey, sistema Petrosian, línea principal'),('E94','India de Rey, variante Ortodoxa'),('E95','India de Rey, Ortodoxa, 7...Cbd7, 8.Te1'),('E96','India de Rey, Ortodoxa, 7...Cbd7, línea principal'),('E97','India de Rey, Ortodoxa, variante Aronin-Taimanov (ataque Yugoslavo / variante Mar del Plata)'),('E98','India de Rey, Ortodoxa, Aronin-Taimanov, 9.Ce1'),('E99','India de Rey, Ortodoxa, Aronin-Taimanov, línea principal');
/*!40000 ALTER TABLE "apertura" ENABLE KEYS */;

--
-- Table structure for table "jugador"
--

DROP TABLE IF EXISTS "jugador";
/*!40101 SET @saved_cs_client     = @@character_set_client */;
/*!40101 SET character_set_client = utf8 */;
CREATE TABLE "jugador" (
  "Id" int NOT NULL,
  "Nombre" text NOT NULL,
  "Fecha_Nacimiento" varchar(8) DEFAULT NULL,
  "Id_Pais" int NOT NULL,
  PRIMARY KEY ("Id")
);
/*!40101 SET character_set_client = @saved_cs_client */;

--
-- Dumping data for table "jugador"
--


/*!40000 ALTER TABLE "jugador" DISABLE KEYS */;
INSERT INTO "jugador" VALUES (10084,'Hikaru Nakamura','19870912',1),(10758,'Ye Jiangchuan','19601120',3),(10762,'Bu Xiangzhi','19851210',3),(10900,'Michael Adams','19711117',4),(10915,'Liviu Dieter Nisipeanu','19760801',5),(10992,'Ivan Sokolov','19680613',6),(11643,'Robert Kempinski','19770711',7),(11645,'Alexander Khalifman','19660118',8),(11670,'Peter Heine Nielsen','19730524',9),(11719,'Alexander Morozevich','19770718',8),(11732,'Predrag Nikolic','19600911',10),(11733,'Loek Van Wely','19721007',11),(12088,'Viswanathan Anand','19691211',12),(12089,'Veselin Topalov','19750315',13),(12136,'Alexey Dreev','19690130',8),(12151,'Sergey Kudrin','19590907',8),(12181,'Nigel Short','19650601',4),(12183,'Vassily Ivanchuk','19690318',14),(12190,'Judit Polgár','19760723',15),(12290,'Peter Leko','19790908',15),(12295,'Vladimir Kramnik','19750625',8),(13755,'Alexander Beliavsky','19531217',14),(13847,'Boris Gelfand','19680624',16),(13915,'Mikhail Gurevich','19590222',8),(13989,'Rafael Vaganian','19511015',17),(13992,'Zdenko Kozul','19660521',10),(14003,'Sergei Tiviakov','19730214',8),(14018,'Sergey Dolmatov','19590220',8),(14125,'Vladimir Akopian','19711207',17),(14175,'Zurab Azmaiparashvili','19600316',18),(14200,'Hichem Hamdouchi','19721008',19),(14210,'Zoltan Almasi','19760829',15),(14216,'Viktor Bologan','19711214',20),(14240,'Vladislav Tkachiev','19731109',8),(14245,'Vadim Zvjaginsev','19760818',8),(14284,'Smbat Gariginovich Lputian','19580214',17),(14285,'Rustem Dautov','19651128',8),(14394,'José González García','19730812',21),(14495,'Konstantin Landa','19720522',8),(14587,'Vasilios Kotronias','19640825',22),(15164,'Aleksander Wojtkiewicz','19630115',23),(15798,'Daniel Campora','19570630',24),(15809,'Alexey Shirov','19720704',23),(15815,'Evgeny Vladimirov','19570120',25),(16249,'Utut Adianto','19650516',26),(16299,'Evgeny Bareev','19661121',8),(16340,'Mikhail Krasenkow','19631114',8),(16382,'Konstantin Sakaev','19740413',8),(16442,'Rodrigo Rafael Vasquez Schroeder','19691206',27),(16789,'Giovanni Vescovi','19780614',28),(17239,'Valerij Filippov','19751128',8),(17278,'Alexey Aleksandrov','19730511',16),(17279,'Alexander Grischuk','19831031',8),(17316,'Levon Aronian','19821006',17),(17882,'Viorel Iordachescu','19770420',20),(18229,'Evgeny Agrest','19660815',16),(18234,'Sergei Rublevsky','19741015',8),(18255,'Pavel Kotsur','19740603',25),(18288,'Alexander Lastin','19761030',8),(18290,'Alexander Galkin','19790201',8),(18292,'Nikolai Vlassov','19651129',8),(19743,'Watu Kobese','19730627',29),(19878,'Bartlomiej Macieja','19771004',7),(19910,'Dao Thien Hai','19780510',30),(19920,'Sergei Movsesian','19781103',17),(20994,'Aleksander Delchev','19710715',13),(21001,'Rubén Felgaer','19810404',24),(22025,'Aimen Rizouk','19790803',31),(23112,'Iván Morovic-Fernández','19630324',27),(25202,'Baatr Shovunov','19750626',8),(25938,'Vladimir Malakhov','19801127',8),(28330,'Xu Jun','19620917',3),(28631,'Olivier Touzane','19730827',32),(29565,'Etienne Bacrot','19830122',32),(31033,'Peter Acs','19810510',15),(35056,'Dimitrios Mastrovasilis','19830612',22),(35787,'Sarunas Sulskis','19721126',33),(36714,'Alexis Cabrera','19751225',34),(37995,'Valery Neverov','19640621',14),(38756,'Mikhail Gluzman','19670905',35),(38799,'Rustam Kasimdzhanov','19791205',36),(39734,'Alexei Barsov','19660403',36),(41384,'Mohamad Al-Modiahki','19740601',37),(41447,'Alexander Ivanov','19560501',8),(42522,'Ashot Anastasian','19640716',17),(42782,'Sergey Volkov','19740207',8),(43109,'Rafael Duailibe Leitão','19791228',28),(44764,'Giorgi Kacheishvili','19770210',18),(45294,'Alexander Moiseenko','19800517',14),(46236,'Dibyendu Barua','19661027',12),(46575,'Gilberto Milos','19631030',28),(47022,'Darryl K Johansen','19590204',35),(47071,'Kiril D Georgiev','19651128',13),(47195,'Karen Asrian','19800424',17),(49027,'Alexander Motylev','19790617',8),(49030,'Pavel Smirnov','19820427',8),(49041,'Ernesto Inarkiev','19851209',38),(49080,'Leinier Domínguez-Pérez','19830923',34),(49084,'Lázaro Bruzón','19820502',34),(49085,'Francisco Vallejo-Pons','19820821',39),(49127,'Ahmed Adly','19870219',47),(49142,'Darmen Sadvakasov','19790428',25),(49243,'Ehsan Ghaem Maghami','19820811',40),(49246,'Pentala Harikrishna','19860510',12),(49247,'Krishnan Sasikiran','19810107',12),(49248,'Alexander (Nenashev) Graf','19620825',36),(49263,'Amon Simutowe','19820106',41),(49434,'Gabriel Sargissian','19830203',17),(49464,'Kivanc Haznedaroglu','19810101',43),(49467,'Baadur Jobava','19831126',18),(49493,'Gadir Guseinov','19860521',44),(49536,'Surya Shekhar Ganguly','19830224',12),(49539,'Neelotpal Das','19820420',12),(49584,'Alejandro Ramírez-Álvarez','19880621',42),(49591,'Pascal Charbonneau','19830506',45),(49666,'Darcy Lima','19620522',28),(49796,'Teimour Radjabov','19870512',44),(50009,'Juan Facundo Pierrot','19750604',24),(50065,'Shakhriyar Mamedyarov','19850412',44),(51154,'Kenneth T Solomon','19790000',29),(51556,'Ni Hua','19830531',3),(52135,'Leonid Kritz','19840226',8),(52585,'Morteza Mahjoob','19800520',40),(52948,'Magnus Carlsen','19901130',46),(54535,'Sergey Karjakin','19900112',14),(54619,'Mateusz Bartel','19850103',7),(57284,'Gaetan Sarthou','19730220',32),(57285,'Nugzar Zeliakov','19760000',8),(57666,'Zhong Zhang','19780905',3),(65225,'Andrei Kharlov','19681120',8),(68679,'Evgeny Alekseev','19851128',8),(76952,'Mikhail Kobalia','19780303',8),(79493,'Adlane Arab','19600229',31),(79935,'Mohamed Tissir','19761127',19),(79968,'Peter Svidler','19760617',8),(80337,'Essam El Gindy','19660714',47),(81333,'Carlos García-Palermo','19531202',24),(81413,'Merab Gagunashvili','19850103',18),(84009,'Hussein Asabri','19671130',48),(85285,'Tarik Abulhul','19680823',48),(85287,'Abobker Elarbi','19730206',48);
/*!40000 ALTER TABLE "jugador" ENABLE KEYS */;

--
-- Table structure for table "pais"
--

DROP TABLE IF EXISTS "pais";
/*!40101 SET @saved_cs_client     = @@character_set_client */;
/*!40101 SET character_set_client = utf8 */;
CREATE TABLE "pais" (
  "Id" int NOT NULL,
  "Nombre" text NOT NULL,
  PRIMARY KEY ("Id")
);
/*!40101 SET character_set_client = @saved_cs_client */;

--
-- Dumping data for table "pais"
--


/*!40000 ALTER TABLE "pais" DISABLE KEYS */;
INSERT INTO "pais" VALUES (1,'Japón'),(3,'PRUEBA'),(4,''),(5,'Rumanía'),(6,'Bosnia-Herzegovina'),(7,'Polonia'),(8,'Rusia'),(9,'Dinamarca'),(10,'Yugoslavia'),(11,'Irlanda'),(12,'India'),(13,'Bulgaria'),(14,'Ucrania'),(15,'Hungría'),(16,'Bielorrusia'),(17,'Armenia'),(18,'Georgia'),(19,'Marruecos'),(20,'Moldavia'),(21,'México'),(22,'Grecia'),(23,'Letonia'),(24,'Argentina'),(25,'Kazajistán'),(26,'Indonesia'),(27,'Chile'),(28,'Brasil'),(29,'Sudáfrica'),(30,'Vietnam'),(31,'Argelia'),(32,'Francia'),(33,'Lituania'),(34,'Cuba'),(35,'Australia'),(36,'Uzbekistán'),(37,'Qatar'),(38,'Kirguistán'),(39,'España'),(40,'Irán'),(41,'Zambia'),(42,'Costa Rica'),(43,'Turquía'),(44,'Azerbaiyán'),(45,'Canadá'),(46,'Noruega'),(47,'Egipto'),(48,'Libia'),(50,'PRUEBA123');
/*!40000 ALTER TABLE "pais" ENABLE KEYS */;

--
-- Table structure for table "partida"
--

DROP TABLE IF EXISTS "partida";
/*!40101 SET @saved_cs_client     = @@character_set_client */;
/*!40101 SET character_set_client = utf8 */;
CREATE TABLE "partida" (
  "Id" int NOT NULL,
  "Id_Jugador_Blancas" int NOT NULL,
  "Id_Jugador_Negras" int NOT NULL,
  "Id_Resultado" text NOT NULL,
  "Movimientos" int NOT NULL,
  "Ano" int NOT NULL,
  "Id_Apertura" text DEFAULT NULL,
  PRIMARY KEY ("Id")
);
/*!40101 SET character_set_client = @saved_cs_client */;

--
-- Dumping data for table "partida"
--


/*!40000 ALTER TABLE "partida" DISABLE KEYS */;
INSERT INTO "partida" VALUES (1209549,12088,28631,'N',39,2001,'C42'),(1209550,57284,10900,'N',32,2001,'E55'),(1209551,11719,57285,'X',60,2001,'B50'),(1209552,25202,12183,'X',28,2001,'B76'),(1209553,12290,19743,'B',43,2001,'C84'),(1209554,38756,16299,'N',27,2001,'B18'),(1209555,13847,36714,'X',61,2001,'E91'),(1209556,50009,12089,'N',61,2001,'B51'),(1209557,15809,22025,'B',28,2001,'C67'),(1209558,18292,38799,'X',69,2001,'C24'),(1209645,28631,12088,'N',23,2001,'A57'),(1209646,10900,57284,'B',43,2001,'B30'),(1209647,57285,11719,'N',17,2001,'D11'),(1209648,12183,25202,'B',26,2001,'A57'),(1209649,19743,12290,'B',59,2001,'B10'),(1209650,16299,38756,'B',43,2001,'D34'),(1209651,36714,13847,'N',66,2001,'B23'),(1209652,12089,50009,'B',29,2001,'A15'),(1209653,22025,15809,'N',40,2001,'C48'),(1209654,38799,18292,'B',51,2001,'D94'),(1209740,12088,28631,'B',35,2001,'A15'),(1209761,28631,12088,'X',46,2001,'E34'),(1254354,14125,11645,'N',57,1999,'A15'),(1254355,11645,14125,'X',18,1999,'E38'),(1254356,14125,11645,'B',84,1999,'B30'),(1254357,11645,14125,'B',61,1999,'E92'),(1254358,14125,11645,'X',49,1999,'C90'),(1254359,11645,14125,'X',40,1999,'E10'),(1254427,15809,12088,'X',34,2000,'C02'),(1254428,12088,15809,'B',64,2000,'C78'),(1254429,15809,12088,'N',41,2000,'B47'),(1254430,12088,15809,'B',41,2000,'C11'),(1290188,52948,17316,'X',31,2004,'E32'),(1290195,10900,84009,'B',35,2004,'C65'),(1290196,12183,79493,'B',34,2004,'B63'),(1290197,79935,12136,'N',34,2004,'B56'),(1290198,14125,14394,'B',38,2004,'C07'),(1290199,18290,20994,'X',30,2004,'C80'),(1290200,51154,17279,'N',52,2004,'D19'),(1290202,25938,49464,'B',55,2004,'D12'),(1290204,81333,10758,'X',33,2004,'A45'),(1290205,29565,49591,'B',51,2004,'B33'),(1290206,47022,13915,'X',34,2004,'C08'),(1290207,18234,49127,'X',35,2004,'B52'),(1290208,54619,49796,'N',53,2004,'B33'),(1290209,39734,13755,'X',13,2004,'E35'),(1290210,49085,16442,'X',29,2004,'B90'),(1290212,16382,35056,'X',26,2004,'D44'),(1290213,52135,49247,'B',39,2004,'B90'),(1290214,50065,37995,'X',50,2004,'A13'),(1290215,46236,49248,'N',46,2004,'C55'),(1290216,14245,49666,'B',28,2004,'A28'),(1290217,49584,38799,'X',33,2004,'B47'),(1290218,17278,80337,'B',74,2004,'D45'),(1290219,11733,41447,'X',44,2004,'E15'),(1290220,14200,49027,'X',12,2004,'D00'),(1290221,16789,49493,'X',17,2004,'B52'),(1290222,31033,11732,'X',48,2004,'C18'),(1290223,19920,14495,'X',24,2004,'C45'),(1290225,15798,17239,'X',39,2004,'B33'),(1290226,13989,49243,'N',36,2004,'A46'),(1290227,81413,14284,'N',48,2004,'C18'),(1290228,57666,43109,'X',30,2004,'B10'),(1290229,45294,14018,'B',44,2004,'D10'),(1290230,41384,14210,'N',60,2004,'C88'),(1290231,76952,54535,'X',35,2004,'C55'),(1290232,10084,42782,'X',38,2004,'C02'),(1290233,11670,49536,'B',40,2004,'D87'),(1290234,23112,17882,'X',33,2004,'E32'),(1290235,13992,19910,'B',63,2004,'A07'),(1290236,18255,49142,'N',46,2004,'A14'),(1290237,18288,11643,'X',50,2004,'E70'),(1290238,42522,10762,'B',52,2004,'A22'),(1290239,15815,51556,'X',23,2004,'D19'),(1290240,16249,68679,'X',35,2004,'E15'),(1290241,49467,21001,'B',63,2004,'D17'),(1290242,65225,14285,'X',48,2004,'E54'),(1290243,49041,49080,'B',63,2004,'B90'),(1290244,16340,46575,'X',64,2004,'D63'),(1290245,49246,28330,'B',56,2004,'E32'),(1290246,14587,44764,'N',50,2004,'B19'),(1290247,18229,47195,'X',18,2004,'D58'),(1290248,49084,49030,'X',43,2004,'D47'),(1290249,49434,14003,'X',66,2004,'E46'),(1290250,35787,19878,'B',72,2004,'B14'),(1290251,52585,14175,'B',78,2004,'B09'),(1290252,10992,49263,'B',81,2004,'D27'),(1290253,12089,85285,'B',41,2004,'A17'),(1290255,17316,52948,'X',19,2004,'B10'),(1290257,15164,47071,'X',17,2004,'E05'),(1290261,38799,49584,'X',19,2004,'A58'),(1290262,41447,11733,'X',13,2004,'B30'),(1290263,49493,16789,'X',13,2004,'B30'),(1290264,14284,81413,'B',28,2004,'A48'),(1290265,14003,49434,'X',12,2004,'C53'),(1290266,47195,18229,'X',11,2004,'B90'),(1290267,17279,51154,'X',32,2004,'E05'),(1290270,49263,10992,'N',25,2004,'A28'),(1290271,12136,79935,'B',30,2004,'A40'),(1290272,14394,14125,'X',32,2004,'E42'),(1290273,14175,52585,'B',28,2004,'A00'),(1290274,49591,29565,'N',22,2004,'C45'),(1290275,13915,47022,'B',27,2004,'A40'),(1290276,49796,54619,'B',25,2004,'A85'),(1290277,80337,17278,'X',66,2004,'D38'),(1290278,13755,39734,'X',25,2004,'D37'),(1290279,16442,49085,'X',43,2004,'D47'),(1290280,14495,19920,'X',25,2004,'B85'),(1290281,14018,45294,'X',22,2004,'B32'),(1290282,54535,76952,'N',41,2004,'C99'),(1290283,49536,11670,'N',29,2004,'C80'),(1290284,17882,23112,'B',30,2004,'C42'),(1290285,19910,13992,'N',28,2004,'E70'),(1290286,46575,16340,'N',39,2004,'B33'),(1290287,49030,49084,'X',39,2004,'C99'),(1290288,85285,12089,'N',59,2004,'A04'),(1290289,84009,10900,'N',36,2004,'E15'),(1290290,79493,12183,'N',83,2004,'E35'),(1290291,49464,25938,'X',108,2004,'B36'),(1290292,12136,79935,'B',46,2004,'E62'),(1290293,10758,81333,'X',44,2004,'B19'),(1290294,49127,18234,'X',53,2004,'D27'),(1290295,35056,16382,'N',61,2004,'B90'),(1290296,49247,52135,'N',61,2004,'A48'),(1290297,49248,46236,'B',40,2004,'D08'),(1290298,49666,14245,'N',40,2004,'B30'),(1290299,49027,14200,'N',47,2004,'B33'),(1290300,11732,31033,'X',58,2004,'E63'),(1290301,17239,15798,'B',53,2004,'D90'),(1290302,49243,13989,'B',31,2004,'B04'),(1290303,47071,15164,'N',75,2004,'B90'),(1290304,43109,57666,'B',44,2004,'C92'),(1290305,19878,35787,'X',53,2004,'C58'),(1290306,14210,41384,'B',91,2004,'B85'),(1290307,42782,10084,'X',64,2004,'E94'),(1290308,49142,18255,'B',56,2004,'B67'),(1290309,11643,18288,'N',40,2004,'D45'),(1290310,10762,42522,'X',54,2004,'A30'),(1290311,51556,15815,'X',57,2004,'C45'),(1290312,68679,16249,'N',61,2004,'A28'),(1290313,21001,49467,'B',42,2004,'B18'),(1290314,14285,65225,'X',48,2004,'D27'),(1290315,49080,49041,'B',41,2004,'C91'),(1290316,28330,49246,'B',29,2004,'D85'),(1290317,44764,14587,'N',54,2004,'A45'),(1290318,20994,18290,'B',40,2004,'D30'),(1290350,13755,39734,'B',60,2004,'D58'),(1290351,50065,37995,'B',41,2004,'A13'),(1290352,49085,16442,'N',51,2004,'B20'),(1290354,41447,11733,'N',53,2004,'B30'),(1290355,11732,31033,'N',71,2004,'E63'),(1290356,49584,38799,'N',56,2004,'B92'),(1290357,16789,49493,'X',84,2004,'E91'),(1290358,17316,52948,'X',48,2004,'B14'),(1290359,19920,14495,'B',79,2004,'C65'),(1290360,10084,42782,'B',74,2004,'C02'),(1290361,10758,81333,'X',68,2004,'B18'),(1290362,39734,13755,'X',57,2004,'E34'),(1290363,37995,50065,'N',65,2004,'E91'),(1290364,16442,49085,'N',44,2004,'D47'),(1290366,11733,41447,'B',45,2004,'B06'),(1290367,31033,11732,'X',50,2004,'C18'),(1290368,38799,49584,'X',32,2004,'D10'),(1290369,49493,16789,'B',62,2004,'B30'),(1290370,81333,10758,'N',44,2004,'A45'),(1290371,18234,49127,'B',22,2004,'B52'),(1290372,14175,52585,'B',45,2004,'E05'),(1290373,21001,49467,'X',45,2004,'B11'),(1290374,65225,14285,'X',49,2004,'B22'),(1290375,15815,51556,'X',60,2004,'D13'),(1290376,44764,14587,'X',52,2004,'E69'),(1290377,49030,49084,'X',42,2004,'B42'),(1290378,18229,47195,'X',49,2004,'D35'),(1290379,49246,28330,'B',33,2004,'A67'),(1290380,14003,49434,'B',29,2004,'C53'),(1290381,52948,17316,'N',82,2004,'A45'),(1290382,14495,19920,'X',37,2004,'B81'),(1290383,42782,10084,'N',65,2004,'E92'),(1290384,21001,49467,'N',42,2004,'C41'),(1290385,15815,51556,'B',36,2004,'A57'),(1290386,49434,14003,'B',57,2004,'E42'),(1290387,16442,49085,'N',53,2004,'B99'),(1290388,49085,16442,'X',64,2004,'B66'),(1290389,49467,21001,'N',54,2004,'D12'),(1290390,51556,15815,'B',69,2004,'C27'),(1290391,14003,49434,'B',46,2004,'B17'),(1290392,21001,49467,'B',48,2004,'C41'),(1290393,51556,15815,'B',51,2004,'C47'),(1290394,49434,14003,'N',46,2004,'E42'),(1290664,12181,16340,'N',122,2004,'B33'),(1290667,20994,12089,'N',34,2004,'E47'),(1290668,85287,49030,'N',28,2004,'D43'),(1290669,47195,10900,'X',56,2004,'C88'),(1290670,17279,14587,'B',54,2004,'B65'),(1290671,49246,12183,'X',53,2004,'E32'),(1290672,49080,25938,'X',37,2004,'B36'),(1290673,10915,14003,'B',45,2004,'B30'),(1290674,65225,10992,'B',48,2004,'D11'),(1290675,12136,21001,'B',33,2004,'D12'),(1290676,16249,14125,'X',39,2004,'D10'),(1290677,10758,51556,'X',24,2004,'B30'),(1290678,42522,49539,'X',30,2004,'A22'),(1290679,14175,18288,'N',40,2004,'A07'),(1290680,49142,29565,'N',62,2004,'C99'),(1290681,13915,13992,'N',58,2004,'E94'),(1290682,17882,18234,'X',24,2004,'B43'),(1290683,49796,11670,'X',16,2004,'E05'),(1290684,10084,17278,'B',102,2004,'A18'),(1290685,13755,76952,'X',49,2004,'D43'),(1290686,14210,49085,'X',42,2004,'C67'),(1290687,14216,45294,'X',85,2004,'B30'),(1290688,35787,16382,'N',59,2004,'B14'),(1290689,52135,43109,'N',44,2004,'B13'),(1290690,14284,50065,'X',51,2004,'E62'),(1290691,49248,14240,'X',32,2004,'D31'),(1290692,15164,14245,'X',19,2004,'B44'),(1290693,38799,49243,'B',51,2004,'E18'),(1290694,17239,11733,'B',33,2004,'A34'),(1290695,14200,12151,'X',15,2004,'A45'),(1290696,17316,49493,'B',27,2004,'E60'),(1290697,31033,19920,'B',41,2004,'D15'),(1290699,16340,12181,'X',71,2004,'A04'),(1290701,12089,20994,'B',31,2004,'C84'),(1290702,49030,85287,'B',73,2004,'C67'),(1290703,10900,47195,'B',46,2004,'B14'),(1290704,14587,17279,'N',37,2004,'C89'),(1290705,12183,49246,'X',47,2004,'D10'),(1290706,25938,49080,'X',28,2004,'D12'),(1290707,14003,10915,'X',24,2004,'B16'),(1290708,10992,65225,'X',33,2004,'D20'),(1290709,21001,12136,'N',32,2004,'B12'),(1290710,14125,16249,'B',43,2004,'C80'),(1290711,51556,10758,'X',46,2004,'B48'),(1290712,49539,42522,'X',41,2004,'B17'),(1290713,18288,14175,'N',53,2004,'B07'),(1290714,29565,49142,'X',36,2004,'D27'),(1290715,13992,13915,'X',59,2004,'A88'),(1290716,18234,17882,'X',36,2004,'C43'),(1290717,11670,49796,'X',22,2004,'E60'),(1290718,17278,10084,'X',29,2004,'D45'),(1290719,76952,13755,'X',58,2004,'C91'),(1290720,49085,14210,'X',55,2004,'C48'),(1290721,45294,14216,'X',24,2004,'E20'),(1290722,16382,35787,'B',24,2004,'A56'),(1290723,43109,52135,'X',33,2004,'B51'),(1290724,50065,14284,'X',14,2004,'D56'),(1290725,14240,49248,'B',40,2004,'D52'),(1290726,14245,15164,'X',31,2004,'B36'),(1290727,49243,38799,'X',16,2004,'E18'),(1290728,11733,17239,'B',55,2004,'D43'),(1290729,12151,14200,'X',41,2004,'B33'),(1290730,49493,17316,'N',19,2004,'C65'),(1290731,19920,31033,'B',30,2004,'A26'),(1290732,12183,49246,'B',34,2004,'B14'),(1290733,49080,25938,'X',46,2004,'B35'),(1290734,10758,51556,'B',39,2004,'C07'),(1290735,42522,49539,'B',101,2004,'A07'),(1290736,18288,14175,'X',68,2004,'C41'),(1290737,17882,18234,'B',51,2004,'B43'),(1290738,11670,49796,'X',35,2004,'A15'),(1290739,13755,76952,'X',69,2004,'A89'),(1290740,49085,14210,'X',82,2004,'C48'),(1290741,14216,45294,'X',53,2004,'B30'),(1290742,14284,50065,'X',38,2004,'E91'),(1290743,15164,14245,'X',24,2004,'A33'),(1290744,17239,11733,'B',37,2004,'A15'),(1290745,14200,12151,'X',51,2004,'B27'),(1290746,19920,31033,'B',51,2004,'A07'),(1290747,49246,12183,'N',25,2004,'E43'),(1290749,51556,10758,'B',37,2004,'B23'),(1290750,49539,42522,'X',69,2004,'B15'),(1290751,14175,18288,'N',60,2004,'A00'),(1290752,18234,17882,'B',35,2004,'C43'),(1290753,49796,11670,'X',11,2004,'D37'),(1290754,76952,13755,'N',57,2004,'C91'),(1290755,14210,49085,'B',63,2004,'B90'),(1290756,45294,14216,'B',39,2004,'E21'),(1290757,50065,14284,'X',39,2004,'D59'),(1290758,14245,15164,'B',37,2004,'B50'),(1290759,11733,17239,'B',63,2004,'D43'),(1290760,12151,14200,'X',32,2004,'B33'),(1290762,49080,25938,'X',58,2004,'B35'),(1290763,51556,10758,'B',45,2004,'B48'),(1290764,18234,17882,'X',54,2004,'B06'),(1290765,11670,49796,'X',45,2004,'A04'),(1290766,50065,14284,'X',88,2004,'D59'),(1290767,11733,17239,'N',48,2004,'D43'),(1290768,12151,14200,'N',42,2004,'C41'),(1290769,19920,31033,'B',53,2004,'A07'),(1290770,25938,49080,'X',75,2004,'D12'),(1290771,10758,51556,'B',39,2004,'B26'),(1290772,17882,18234,'N',42,2004,'B40'),(1290773,49796,11670,'X',41,2004,'E46'),(1290774,14284,50065,'X',23,2004,'D76'),(1290775,17239,11733,'B',27,2004,'A28'),(1290776,14200,12151,'N',43,2004,'B27'),(1290777,31033,19920,'N',31,2004,'E69'),(1290778,49080,25938,'B',46,2004,'B36'),(1290779,10758,51556,'B',45,2004,'C42'),(1290780,49796,11670,'B',65,2004,'A04'),(1290781,50065,14284,'B',75,2004,'A13'),(1290782,14200,12151,'B',28,2004,'B27'),(1290783,29565,49796,'X',27,2004,'E97'),(1290833,12089,19920,'B',36,2004,'B48'),(1290834,17316,49030,'X',47,2004,'A35'),(1290835,10900,14200,'B',33,2004,'B30'),(1290836,12183,38799,'X',32,2004,'D58'),(1290837,14245,16340,'X',33,2004,'D45'),(1290838,49080,14240,'B',34,2004,'C43'),(1290839,50065,10915,'X',11,2004,'A07'),(1290840,65225,43109,'B',37,2004,'D15'),(1290841,16382,12136,'X',21,2004,'D43'),(1290842,14125,45294,'B',66,2004,'B30'),(1290843,14210,10758,'B',38,2004,'B48'),(1290844,42522,13755,'X',31,2004,'D11'),(1290845,10084,18288,'B',52,2004,'D47'),(1290846,18234,13992,'N',51,2004,'B52'),(1290847,17239,17279,'X',10,2004,'D14'),(1292238,49796,29565,'X',15,2004,'D15'),(1292287,19920,12089,'X',27,2004,'C50'),(1292290,18288,10084,'X',46,2004,'D15'),(1292291,13992,18234,'B',47,2004,'D11'),(1292292,13755,42522,'B',67,2004,'E38'),(1292293,45294,14125,'X',19,2004,'E20'),(1292294,10758,14210,'X',23,2004,'C88'),(1292295,10915,50065,'X',30,2004,'C87'),(1292296,49030,17316,'X',26,2004,'C87'),(1292297,17279,17239,'X',12,2004,'B31'),(1292298,43109,65225,'X',27,2004,'B54'),(1292299,38799,12183,'X',16,2004,'C11'),(1292300,16340,14245,'B',33,2004,'D45'),(1292301,14240,49080,'N',33,2004,'B14'),(1292302,12136,16382,'X',24,2004,'D80'),(1292303,14200,10900,'X',37,2004,'C87'),(1292307,49796,29565,'X',29,2004,'D15'),(1292308,10915,50065,'X',27,2004,'C87'),(1292309,17316,49030,'X',53,2004,'D15'),(1292310,17279,17239,'X',60,2004,'D52'),(1292311,38799,12183,'X',46,2004,'C18'),(1292312,16382,12136,'X',17,2004,'D43'),(1292313,29565,49796,'N',41,2004,'E97'),(1292314,50065,10915,'N',28,2004,'E46'),(1292315,49030,17316,'X',49,2004,'C87'),(1292316,17239,17279,'X',27,2004,'E05'),(1292317,12183,38799,'N',27,2004,'E16'),(1292318,12136,16382,'X',86,2004,'D80'),(1292319,17316,49030,'N',92,2004,'D45'),(1292320,17279,17239,'B',38,2004,'D37'),(1292321,16382,12136,'B',61,2004,'D43'),(1292322,49030,17316,'N',42,2004,'B00'),(1292323,17239,17279,'N',46,2004,'A14'),(1292324,12136,16382,'B',64,2004,'A48'),(1292325,49030,17316,'B',62,2004,'C67'),(1292326,12136,16382,'B',70,2004,'A48'),(1292359,10084,10900,'N',66,2004,'E12'),(1292365,10915,65225,'X',34,2004,'B83'),(1292366,17279,13755,'X',37,2004,'C88'),(1292367,12136,49080,'X',32,2004,'D12'),(1292368,14210,38799,'N',56,2004,'C99'),(1292369,13992,12089,'N',42,2004,'E10'),(1292370,49030,49796,'X',24,2004,'B33'),(1292371,16340,14125,'X',49,2004,'D45'),(1292475,65225,10915,'X',15,2004,'B14'),(1292476,13755,17279,'X',18,2004,'E00'),(1292477,49080,12136,'X',26,2004,'C10'),(1292478,38799,14210,'B',35,2004,'B42'),(1292479,12089,13992,'B',58,2004,'B67'),(1292480,49796,49030,'X',14,2004,'D11'),(1292481,14125,16340,'B',45,2004,'C77'),(1292482,10915,65225,'B',57,2004,'B63'),(1292483,13755,17279,'X',50,2004,'E32'),(1292484,12136,49080,'X',31,2004,'D12'),(1292485,49796,49030,'X',73,2004,'D15'),(1292486,65225,10915,'B',62,2004,'E32'),(1292487,17279,13755,'X',46,2004,'C88'),(1292488,49080,12136,'B',35,2004,'C10'),(1292489,49030,49796,'X',45,2004,'B32'),(1292490,49796,49030,'X',64,2004,'D43'),(1292491,17279,13755,'B',40,2004,'C88'),(1292492,10915,65225,'X',45,2004,'B65'),(1292493,65225,10915,'X',23,2004,'E32'),(1292494,13755,17279,'X',67,2004,'E05'),(1292495,49030,49796,'N',26,2004,'B33'),(1292496,10915,65225,'N',52,2004,'B50'),(1292497,10900,14125,'B',54,2004,'B90'),(1292553,12089,65225,'B',44,2004,'D20'),(1292554,49080,49796,'B',45,2004,'B30'),(1292555,38799,17279,'B',73,2004,'C69'),(1292556,14125,10900,'X',47,2004,'C42'),(1292559,65225,12089,'N',53,2004,'C24'),(1292560,49796,49080,'B',27,2004,'B98'),(1292561,17279,38799,'B',52,2004,'D31'),(1292665,49080,49796,'X',39,2004,'B45'),(1292666,38799,17279,'B',58,2004,'C88'),(1292667,49796,49080,'X',13,2004,'D12'),(1292668,17279,38799,'N',73,2004,'D31'),(1292669,49080,49796,'X',56,2004,'B30'),(1292670,49796,49080,'X',96,2004,'B96'),(1292671,49080,49796,'X',61,2004,'B33'),(1292802,49796,10900,'N',47,2004,'E04'),(1292809,10900,49796,'X',17,2004,'B30'),(1292853,38799,12089,'X',15,2004,'D37'),(1292864,49796,10900,'X',27,2004,'C45'),(1292898,38799,12089,'X',63,2004,'B52'),(1292899,12089,38799,'X',25,2004,'B41'),(1292900,10900,49796,'X',44,2004,'C40'),(1292902,12089,38799,'X',45,2004,'E11'),(1292973,12089,38799,'N',53,2004,'E17'),(1292974,38799,12089,'B',42,2004,'B40'),(1292975,10900,38799,'X',18,2004,'B42'),(1293037,38799,10900,'B',55,2004,'C42'),(1293063,10900,38799,'B',47,2004,'B43'),(1293214,38799,10900,'B',40,2004,'C69'),(1293348,10900,38799,'B',46,2004,'C97'),(1293452,38799,10900,'X',44,2004,'C91'),(1293583,38799,10900,'X',48,2004,'C68'),(1293584,10900,38799,'N',60,2004,'B30'),(1361563,12190,12088,'N',41,2005,'B17'),(1361565,79968,10900,'X',24,2005,'C42'),(1361566,12290,12089,'N',40,2005,'B90'),(1361567,11719,38799,'X',54,2005,'B92'),(1361568,12089,12088,'X',97,2005,'E15'),(1361570,10900,12190,'X',48,2005,'B48'),(1361571,38799,79968,'X',24,2005,'B09'),(1361573,12290,11719,'X',68,2005,'B90'),(1361574,11719,12089,'N',74,2005,'B52'),(1361575,12088,10900,'B',32,2005,'C92'),(1361576,79968,12290,'B',31,2005,'C88'),(1361577,12190,38799,'B',42,2005,'B90'),(1361578,12089,10900,'B',38,2005,'A30'),(1361599,12290,12190,'B',25,2005,'B48'),(1361600,38799,12088,'B',38,2005,'B90'),(1361601,11719,79968,'N',55,2005,'E81'),(1361622,79968,12089,'N',44,2005,'B90'),(1361633,12190,11719,'X',41,2005,'C41'),(1361634,10900,38799,'X',29,2005,'B92'),(1361635,12088,12290,'X',60,2005,'B33'),(1361636,12190,12089,'N',64,2005,'C67'),(1361637,12088,79968,'X',39,2005,'C89'),(1361638,38799,12290,'X',43,2005,'B33'),(1361639,10900,11719,'X',76,2005,'B83'),(1361648,12089,38799,'B',73,2005,'C88'),(1361730,12290,10900,'B',39,2005,'C42'),(1361731,11719,12088,'B',50,2005,'B12'),(1361732,79968,12190,'B',59,2005,'B90'),(1361733,12089,12290,'X',24,2005,'E15'),(1361735,12088,12190,'B',62,2005,'B48'),(1361736,10900,79968,'X',40,2005,'B54'),(1361737,38799,11719,'N',53,2005,'B83'),(1361774,12088,12089,'X',17,2005,'C65'),(1361776,79968,38799,'X',34,2005,'B90'),(1361777,12190,10900,'X',37,2005,'C89'),(1361778,12089,11719,'X',61,2005,'D37'),(1361779,11719,12290,'B',54,2005,'B33'),(1361780,10900,12088,'X',25,2005,'C88'),(1361781,12290,79968,'X',36,2005,'C88'),(1361782,38799,12190,'B',47,2005,'B84'),(1361783,10900,12089,'X',45,2005,'B85'),(1361784,12088,38799,'B',29,2005,'B90'),(1361785,12190,12290,'X',25,2005,'B14'),(1361786,12089,79968,'X',21,2005,'C88'),(1361787,79968,11719,'B',70,2005,'C42'),(1361788,12290,12088,'N',53,2005,'C42'),(1361789,38799,10900,'X',48,2005,'C88'),(1361791,11719,12190,'X',54,2005,'B90'),(1361799,38799,12089,'X',42,2005,'C67'),(1361816,12190,79968,'X',39,2005,'C89'),(1361817,79968,12088,'X',19,2005,'C42'),(1361818,10900,12290,'X',25,2005,'B30'),(1361819,12088,11719,'X',27,2005,'C11'),(1361820,12290,38799,'B',48,2005,'B42'),(1361821,12089,12190,'X',18,2005,'E15'),(1361823,11719,10900,'X',54,2005,'C77'),(1472714,12295,79968,'X',23,2007,'D43'),(1472828,11719,17316,'X',25,2007,'E12'),(1472829,12088,13847,'X',22,2007,'C42'),(1472830,17279,12290,'X',26,2007,'C88'),(1472832,17316,12088,'N',41,2007,'D43'),(1472877,12295,11719,'B',27,2007,'E04'),(1472878,79968,12290,'X',43,2007,'C89'),(1472879,13847,17279,'X',23,2007,'E15'),(1472881,12088,12295,'X',65,2007,'C42'),(1472979,11719,79968,'B',37,2007,'C45'),(1472980,12290,13847,'X',100,2007,'C42'),(1472981,17279,17316,'X',31,2007,'C88'),(1472986,12295,17279,'X',58,2007,'E05'),(1472990,11719,12088,'X',61,2007,'D47'),(1472991,79968,13847,'X',24,2007,'C42'),(1472992,17316,12290,'B',45,2007,'A33'),(1473007,12088,79968,'B',39,2007,'C89'),(1473009,17279,11719,'B',41,2007,'D38'),(1473010,13847,17316,'B',48,2007,'E00'),(1473011,12290,12295,'X',24,2007,'C53'),(1473013,12290,12088,'X',21,2007,'C78'),(1473014,17279,79968,'X',41,2007,'D43'),(1473015,17316,12295,'X',22,2007,'E05'),(1473016,13847,11719,'B',50,2007,'E17'),(1473017,12295,13847,'X',40,2007,'D43'),(1473020,12088,17279,'B',50,2007,'C88'),(1473021,79968,17316,'X',20,2007,'C69'),(1473022,13847,12088,'X',20,2007,'E05'),(1473023,11719,12290,'X',60,2007,'C45'),(1473024,79968,12295,'X',29,2007,'C42'),(1473025,17316,11719,'X',69,2007,'E17'),(1473026,12290,17279,'B',60,2007,'C88'),(1473027,12088,17316,'X',21,2007,'C89'),(1473793,11719,12295,'B',48,2007,'A34'),(1473794,12290,79968,'X',29,2007,'B90'),(1473795,17279,13847,'B',61,2007,'E21'),(1473796,12295,12088,'X',41,2007,'D43'),(1473833,79968,11719,'X',44,2007,'B17'),(1473834,12088,11719,'B',56,2007,'B90'),(1473835,17316,17279,'B',42,2007,'D30'),(1473836,13847,12290,'X',24,2007,'E05'),(1473877,17279,12295,'X',13,2007,'C43'),(1473878,13847,79968,'X',22,2007,'A15'),(1473879,12290,17316,'X',56,2007,'E15'),(1473921,79968,12088,'X',22,2007,'C88'),(1473922,17316,13847,'N',40,2007,'D43'),(1473923,11719,17279,'B',42,2007,'A28'),(1473924,12295,12290,'B',39,2007,'E05'),(1473925,17279,12088,'X',74,2007,'D43'),(1474227,13847,12295,'X',26,2007,'D47'),(1474228,17316,79968,'X',46,2007,'A29'),(1474229,12290,11719,'B',33,2007,'B67'),(1474230,12088,12290,'X',20,2007,'C89'),(1474305,79968,17279,'B',42,2007,'B90'),(1474306,11719,13847,'X',45,2007,'C42'),(1474350,12295,17316,'B',35,2007,'E15');
/*!40000 ALTER TABLE "partida" ENABLE KEYS */;


--
-- Table structure for table "resultado"
--

DROP TABLE IF EXISTS "resultado";
/*!40101 SET @saved_cs_client     = @@character_set_client */;
/*!40101 SET character_set_client = utf8 */;
CREATE TABLE "resultado" (
  "Id" text NOT NULL,
  "Nombre" text NOT NULL,
  PRIMARY KEY ("Id")
);
/*!40101 SET character_set_client = @saved_cs_client */;

--
-- Dumping data for table "resultado"
--


/*!40000 ALTER TABLE "resultado" DISABLE KEYS */;
INSERT INTO "resultado" VALUES ('B','Ganan Blancas'),('N','Ganan Negras'),('X','Tablas');
/*!40000 ALTER TABLE "resultado" ENABLE KEYS */;


--
-- Table structure for table "rol"
--

DROP TABLE IF EXISTS "rol";
/*!40101 SET @saved_cs_client     = @@character_set_client */;
/*!40101 SET character_set_client = utf8 */;
CREATE TABLE "rol" (
  "Id" int NOT NULL,
  "Nombre" text DEFAULT NULL,
  PRIMARY KEY ("Id")
);
/*!40101 SET character_set_client = @saved_cs_client */;

--
-- Dumping data for table "rol"
--


/*!40000 ALTER TABLE "rol" DISABLE KEYS */;
INSERT INTO "rol" VALUES (1,'ADMIN'),(2,'READ'),(3,'READ/WRITE');
/*!40000 ALTER TABLE "rol" ENABLE KEYS */;


--
-- Table structure for table "user"
--

DROP TABLE IF EXISTS "user";
/*!40101 SET @saved_cs_client     = @@character_set_client */;
/*!40101 SET character_set_client = utf8 */;
CREATE TABLE "user" (
  "Id" int NOT NULL,
  "Username" text DEFAULT NULL,
  "Password" text DEFAULT NULL,
  "Created" date DEFAULT NULL,
  PRIMARY KEY ("Id")
);
/*!40101 SET character_set_client = @saved_cs_client */;

--
-- Dumping data for table "user"
--


/*!40000 ALTER TABLE "user" DISABLE KEYS */;
INSERT INTO "user" VALUES (15,'admin','$2a$10$BnvjT6Yr4.jPLnw2PSDZLeKn/1kQ8ZqWHwr./aaEPUKpjFkI0Bkeq','2022-11-13'),(26,'prueba','$2a$10$D3EV9wpR3tvnzfSz9Ipk8OFJVsvkqFhZUqG38DQ11l/s9/1RyISoi','2022-11-20'),(31,'prueba12','$2a$10$A8l9bPDK3eUoadr47JrwXOP.fzqXE3IH9UpyD/Bquzp6XiZhP0ivy',NULL);
/*!40000 ALTER TABLE "user" ENABLE KEYS */;


--
-- Table structure for table "user_rol"
--

DROP TABLE IF EXISTS "user_rol";
/*!40101 SET @saved_cs_client     = @@character_set_client */;
/*!40101 SET character_set_client = utf8 */;
CREATE TABLE "user_rol" (
  "rol_id" int NOT NULL,
  "user_id" int NOT NULL,
  PRIMARY KEY ("rol_id","user_id")
);
/*!40101 SET character_set_client = @saved_cs_client */;

--
-- Dumping data for table "user_rol"
--


/*!40000 ALTER TABLE "user_rol" DISABLE KEYS */;
INSERT INTO "user_rol" VALUES (1,15),(2,26),(3,31),(3,33),(3,34),(3,35),(3,36);
/*!40000 ALTER TABLE "user_rol" ENABLE KEYS */;

/*!40103 SET TIME_ZONE=@OLD_TIME_ZONE */;

/*!40101 SET SQL_MODE=@OLD_SQL_MODE */;
/*!40014 SET FOREIGN_KEY_CHECKS=@OLD_FOREIGN_KEY_CHECKS */;
/*!40014 SET UNIQUE_CHECKS=@OLD_UNIQUE_CHECKS */;
/*!40111 SET SQL_NOTES=@OLD_SQL_NOTES */;

-- Dump completed on 2023-05-14 18:09:27
